,name,twitter,party,title,gender,state
0,A. Donald McEachin,RepMcEachin,democrat,House of Representatives,male,virginia
1,A. Drew Ferguson IV,RepDrewFerguson,republican,House of Representatives,male,georgia
2,Abby Finkenauer,,democrat,House of Representatives,female,iowa
3,Abigail Davis Spanberger,,democrat,House of Representatives,female,virginia
4,Adam B. Schiff,RepAdamSchiff,democrat,House of Representatives,male,california
5,Adam Kinzinger,RepKinzinger,republican,House of Representatives,male,illinois
6,Adam Smith,RepAdamSmith,democrat,House of Representatives,male,washington
7,Adrian Smith,RepAdrianSmith,republican,House of Representatives,male,nebraska
8,Adriano Espaillat,RepEspaillat,democrat,House of Representatives,male,new york
9,Al Green,RepAlGreen,democrat,House of Representatives,male,texas
10,"Al Lawson, Jr.",RepAlLawsonJr,democrat,House of Representatives,male,florida
11,Alan S. Lowenthal,RepLowenthal,democrat,House of Representatives,male,california
12,Albio Sires,RepSires,democrat,House of Representatives,male,new jersey
13,Alcee L. Hastings,RepHastingsFL,democrat,House of Representatives,male,florida
14,Alexander X. Mooney,RepAlexMooney,republican,House of Representatives,male,west virginia
15,Alexandria Ocasio-Cortez,,democrat,House of Representatives,female,new york
16,Alma S. Adams,RepAdams,democrat,House of Representatives,female,north carolina
17,Ami Bera,RepBera,democrat,House of Representatives,male,california
18,André Carson,RepAndreCarson,democrat,House of Representatives,male,indiana
19,Andy Barr,RepAndyBarr,republican,House of Representatives,male,kentucky
20,Andy Biggs,RepAndyBiggsAZ,republican,House of Representatives,male,arizona
21,Andy Harris,RepAndyHarrisMD,republican,House of Representatives,male,maryland
22,Andy Kim,,democrat,House of Representatives,male,new jersey
23,Andy Levin,,democrat,House of Representatives,male,michigan
24,Angie Craig,,democrat,House of Representatives,female,minnesota
25,Ann Kirkpatrick,RepKirkpatrick,democrat,House of Representatives,female,arizona
26,Ann M. Kuster,RepAnnieKuster,democrat,House of Representatives,female,new hampshire
27,Ann Wagner,RepAnnWagner,republican,House of Representatives,female,missouri
28,Anna G. Eshoo,RepAnnaEshoo,democrat,House of Representatives,female,california
29,Anthony Brindisi,,democrat,House of Representatives,male,new york
30,Anthony G. Brown,RepAnthonyBrown,democrat,House of Representatives,male,maryland
31,Anthony Gonzalez,,republican,House of Representatives,male,ohio
32,Antonio Delgado,,democrat,House of Representatives,male,new york
33,Aumua Amata Coleman Radewagen,RepAmata,republican,House of Representatives,female,AS-0
34,Austin Scott,AustinScottGA08,republican,House of Representatives,male,georgia
35,Ayanna Pressley,,democrat,House of Representatives,female,massachusetts
36,Barbara Lee,RepBarbaraLee,democrat,House of Representatives,female,california
37,Barry Loudermilk,RepLoudermilk,republican,House of Representatives,male,georgia
38,Ben Cline,,republican,House of Representatives,male,virginia
39,Ben McAdams,,democrat,House of Representatives,male,utah
40,Ben Ray Luján,RepBenRayLujan,democrat,House of Representatives,male,new mexico
41,Bennie G. Thompson,BennieGThompson,democrat,House of Representatives,male,mississippi
42,Betty McCollum,BettyMcCollum04,democrat,House of Representatives,female,minnesota
43,Bill Flores,RepBillFlores,republican,House of Representatives,male,texas
44,Bill Foster,RepBillFoster,democrat,House of Representatives,male,illinois
45,Bill Huizenga,RepHuizenga,republican,House of Representatives,male,michigan
46,Bill Johnson,RepBillJohnson,republican,House of Representatives,male,ohio
47,"Bill Pascrell, Jr.",BillPascrell,democrat,House of Representatives,male,new jersey
48,Bill Posey,CongBillPosey,republican,House of Representatives,male,florida
49,Billy Long,USRepLong,republican,House of Representatives,male,missouri
50,Blaine Luetkemeyer,RepBlaine,republican,House of Representatives,male,missouri
51,Bob Gibbs,RepBobGibbs,republican,House of Representatives,male,ohio
52,Bobby L. Rush,RepBobbyRush,democrat,House of Representatives,male,illinois
53,Bonnie Watson Coleman,RepBonnie,democrat,House of Representatives,female,new jersey
54,Brad R. Wenstrup,RepBradWenstrup,republican,House of Representatives,male,ohio
55,Brad Sherman,BradSherman,democrat,House of Representatives,male,california
56,Bradley Byrne,RepByrne,republican,House of Representatives,male,alabama
57,Bradley Scott Schneider,repschneider,democrat,House of Representatives,male,illinois
58,Brenda L. Lawrence,RepLawrence,democrat,House of Representatives,female,michigan
59,Brendan F. Boyle,CongBoyle,democrat,House of Representatives,male,pennsylvania
60,Brett Guthrie,RepGuthrie,republican,House of Representatives,male,kentucky
61,Brian Babin,RepBrianBabin,republican,House of Representatives,male,texas
62,Brian Higgins,RepBrianHiggins,democrat,House of Representatives,male,new york
63,Brian J. Mast,repbrianmast,republican,House of Representatives,male,florida
64,Brian K. Fitzpatrick,repbrianfitz,republican,House of Representatives,male,pennsylvania
65,Bruce Westerman,RepWesterman,republican,House of Representatives,male,arkansas
66,Bryan Steil,,republican,House of Representatives,male,wisconsin
67,C. A. Dutch Ruppersberger,Call_Me_Dutch,democrat,House of Representatives,male,maryland
68,Carol D. Miller,,republican,House of Representatives,female,west virginia
69,Carolyn B. Maloney,RepMaloney,democrat,House of Representatives,female,new york
70,Cathy McMorris Rodgers,CathyMcMorris,republican,House of Representatives,female,washington
71,Cedric L. Richmond,RepRichmond,democrat,House of Representatives,male,louisiana
72,"Charles J. ""Chuck"" Fleischmann",RepChuck,republican,House of Representatives,male,tennessee
73,Charlie Crist,repcharliecrist,democrat,House of Representatives,male,florida
74,Chellie Pingree,ChelliePingree,democrat,House of Representatives,female,maine
75,Cheri Bustos,RepCheri,democrat,House of Representatives,female,illinois
76,Chip Roy,,republican,House of Representatives,male,texas
77,Chris Collins,RepChrisCollins,republican,House of Representatives,male,new york
78,Chris Pappas,,democrat,House of Representatives,male,new hampshire
79,Chris Stewart,RepChrisStewart,republican,House of Representatives,male,utah
80,Chrissy Houlahan,,democrat,House of Representatives,female,pennsylvania
81,Christopher H. Smith,RepChrisSmith,republican,House of Representatives,male,new jersey
82,Clay Higgins,RepClayHiggins,republican,House of Representatives,male,louisiana
83,Colin Z. Allred,,democrat,House of Representatives,male,texas
84,Collin C. Peterson,collinpeterson,democrat,House of Representatives,male,minnesota
85,Conor Lamb,RepConorLamb,democrat,House of Representatives,male,pennsylvania
86,Cynthia Axne,,democrat,House of Representatives,female,iowa
87,Dan Crenshaw,,republican,House of Representatives,male,texas
88,Dan Newhouse,RepNewhouse,republican,House of Representatives,male,washington
89,Daniel Lipinski,RepLipinski,democrat,House of Representatives,male,illinois
90,Daniel Meuser,,republican,House of Representatives,male,pennsylvania
91,Daniel T. Kildee,RepDanKildee,democrat,House of Representatives,male,michigan
92,Daniel Webster,RepWebster,republican,House of Representatives,male,florida
93,Danny K. Davis,RepDannyDavis,democrat,House of Representatives,male,illinois
94,Darin LaHood,RepLaHood,republican,House of Representatives,male,illinois
95,Darren Soto,RepDarrenSoto,democrat,House of Representatives,male,florida
96,David B. McKinley,RepMcKinley,republican,House of Representatives,male,west virginia
97,David E. Price,RepDavidEPrice,democrat,House of Representatives,male,north carolina
98,David J. Trone,,democrat,House of Representatives,male,maryland
99,David Kustoff,repdavidkustoff,republican,House of Representatives,male,tennessee
100,David Loebsack,DaveLoebsack,democrat,House of Representatives,male,iowa
101,David N. Cicilline,RepCicilline,democrat,House of Representatives,male,rhode island
102,David P. Joyce,RepDaveJoyce,republican,House of Representatives,male,ohio
103,David P. Roe,DrPhilRoe,republican,House of Representatives,male,tennessee
104,David Rouzer,RepDavidRouzer,republican,House of Representatives,male,north carolina
105,David Schweikert,RepDavid,republican,House of Representatives,male,arizona
106,David Scott,RepDavidScott,democrat,House of Representatives,male,georgia
107,Dean Phillips,,democrat,House of Representatives,male,minnesota
108,Debbie Dingell,RepDebDingell,democrat,House of Representatives,female,michigan
109,Debbie Lesko,RepDLesko,republican,House of Representatives,female,arizona
110,Debbie Mucarsel-Powell,,democrat,House of Representatives,female,florida
111,Debbie Wasserman Schultz,RepDWStweets,democrat,House of Representatives,female,florida
112,Debra A. Haaland,,democrat,House of Representatives,female,new mexico
113,Denny Heck,RepDennyHeck,democrat,House of Representatives,male,washington
114,Denver Riggleman,,republican,House of Representatives,male,virginia
115,Derek Kilmer,RepDerekKilmer,democrat,House of Representatives,male,washington
116,Devin Nunes,RepDevinNunes,republican,House of Representatives,male,california
117,Diana DeGette,RepDianaDeGette,democrat,House of Representatives,female,colorado
118,Dina Titus,RepDinaTitus,democrat,House of Representatives,female,nevada
119,Don Bacon,repdonbacon,republican,House of Representatives,male,nebraska
120,Don Young,RepDonYoung,republican,House of Representatives,male,alaska
121,"Donald M. Payne, Jr.",RepDonaldPayne,democrat,House of Representatives,male,new jersey
122,Donald Norcross,DonaldNorcross,democrat,House of Representatives,male,new jersey
123,"Donald S. Beyer, Jr.",RepDonBeyer,democrat,House of Representatives,male,virginia
124,Donna E. Shalala,,democrat,House of Representatives,female,florida
125,Doris O. Matsui,DorisMatsui,democrat,House of Representatives,female,california
126,Doug Collins,RepDougCollins,republican,House of Representatives,male,georgia
127,Doug LaMalfa,RepLaMalfa,republican,House of Representatives,male,california
128,Doug Lamborn,RepDLamborn,republican,House of Representatives,male,colorado
129,Duncan Hunter,Rep_Hunter,republican,House of Representatives,male,california
130,Dusty Johnson,,republican,House of Representatives,male,south dakota
131,Dwight Evans,RepDwightEvans,democrat,House of Representatives,male,pennsylvania
132,Earl Blumenauer,BlumenauerMedia,democrat,House of Representatives,male,oregon
133,"Earl L. ""Buddy"" Carter",RepBuddyCarter,republican,House of Representatives,male,georgia
134,Ed Case,EdCaseHawaii,democrat,House of Representatives,male,hawaii
135,Ed Perlmutter,RepPerlmutter,democrat,House of Representatives,male,colorado
136,Eddie Bernice Johnson,RepEBJ,democrat,House of Representatives,female,texas
137,Elaine G. Luria,,democrat,House of Representatives,female,virginia
138,Eleanor Holmes Norton,EleanorNorton,democrat,House of Representatives,female,DC-0
139,Elijah E. Cummings,RepCummings,democrat,House of Representatives,male,maryland
140,Eliot L. Engel,RepEliotEngel,democrat,House of Representatives,male,new york
141,Elise M. Stefanik,RepStefanik,republican,House of Representatives,female,new york
142,Elissa Slotkin,,democrat,House of Representatives,female,michigan
143,Emanuel Cleaver,RepCleaver,democrat,House of Representatives,male,missouri
144,"Eric A. ""Rick"" Crawford",RepRickCrawford,republican,House of Representatives,male,arkansas
145,Eric Swalwell,RepSwalwell,democrat,House of Representatives,male,california
146,"F. James Sensenbrenner, Jr.",JimPressOffice,republican,House of Representatives,male,wisconsin
147,Filemon Vela,RepFilemonVela,democrat,House of Representatives,male,texas
148,Francis Rooney,RepRooney,republican,House of Representatives,male,florida
149,Frank D. Lucas,RepFrankLucas,republican,House of Representatives,male,oklahoma
150,"Frank Pallone, Jr.",FrankPallone,democrat,House of Representatives,male,new jersey
151,Fred Upton,RepFredUpton,republican,House of Representatives,male,michigan
152,Frederica S. Wilson,RepWilson,democrat,House of Representatives,female,florida
153,G. K. Butterfield,GKButterfield,democrat,House of Representatives,male,north carolina
154,Garret Graves,RepGarretGraves,republican,House of Representatives,male,louisiana
155,Gary J. Palmer,USRepGaryPalmer,republican,House of Representatives,male,alabama
156,George Holding,RepHolding,republican,House of Representatives,male,north carolina
157,Gerald E. Connolly,GerryConnolly,democrat,House of Representatives,male,virginia
158,"Gilbert Ray Cisneros, Jr.",,democrat,House of Representatives,male,california
159,Glenn Grothman,RepGrothman,republican,House of Representatives,male,wisconsin
160,Glenn Thompson,CongressmanGT,republican,House of Representatives,male,pennsylvania
161,Grace F. Napolitano,GraceNapolitano,democrat,House of Representatives,female,california
162,Grace Meng,RepGraceMeng,democrat,House of Representatives,female,new york
163,Greg Gianforte,GregForMontana,republican,House of Representatives,male,montana
164,Greg Pence,,republican,House of Representatives,male,indiana
165,Greg Stanton,,democrat,House of Representatives,male,arizona
166,Greg Walden,RepGregWalden,republican,House of Representatives,male,oregon
167,Gregorio Kilili Camacho Sablan,Kilili_Sablan,democrat,House of Representatives,male,MP-0
168,Gregory W. Meeks,RepGregoryMeeks,democrat,House of Representatives,male,new york
169,Gus M. Bilirakis,RepGusBilirakis,republican,House of Representatives,male,florida
170,Guy Reschenthaler,,republican,House of Representatives,male,pennsylvania
171,Gwen Moore,RepGwenMoore,democrat,House of Representatives,female,wisconsin
172,H. Morgan Griffith,RepMGriffith,republican,House of Representatives,male,virginia
173,Hakeem S. Jeffries,RepJeffries,democrat,House of Representatives,male,new york
174,Haley M. Stevens,,democrat,House of Representatives,female,michigan
175,Harley Rouda,,democrat,House of Representatives,male,california
176,Harold Rogers,RepHalRogers,republican,House of Representatives,male,kentucky
177,"Henry C. ""Hank"" Johnson, Jr.",RepHankJohnson,democrat,House of Representatives,male,georgia
178,Henry Cuellar,RepCuellar,democrat,House of Representatives,male,texas
179,Ilhan Omar,,democrat,House of Representatives,female,minnesota
180,J. French Hill,RepFrenchHill,republican,House of Representatives,male,arkansas
181,J. Luis Correa,reploucorrea,democrat,House of Representatives,male,california
182,Jack Bergman,RepJackBergman,republican,House of Representatives,male,michigan
183,Jackie Speier,RepSpeier,democrat,House of Representatives,female,california
184,Jackie Walorski,RepWalorski,republican,House of Representatives,female,indiana
185,Jahana Hayes,,democrat,House of Representatives,female,connecticut
186,Jaime Herrera Beutler,HerreraBeutler,republican,House of Representatives,female,washington
187,James A. Himes,JAHimes,democrat,House of Representatives,male,connecticut
188,James Comer,KYComer,republican,House of Representatives,male,kentucky
189,James E. Clyburn,Clyburn,democrat,House of Representatives,male,south carolina
190,James P. McGovern,RepMcGovern,democrat,House of Representatives,male,massachusetts
191,James R. Baird,,republican,House of Representatives,male,indiana
192,James R. Langevin,JimLangevin,democrat,House of Representatives,male,rhode island
193,Jamie Raskin,repraskin,democrat,House of Representatives,male,maryland
194,Janice D. Schakowsky,JanSchakowsky,democrat,House of Representatives,female,illinois
195,Jared Golden,,democrat,House of Representatives,male,maine
196,Jared Huffman,RepHuffman,democrat,House of Representatives,male,california
197,Jason Crow,,democrat,House of Representatives,male,colorado
198,Jason Smith,RepJasonSmith,republican,House of Representatives,male,missouri
199,Jeff Duncan,RepJeffDuncan,republican,House of Representatives,male,south carolina
200,Jeff Fortenberry,JeffFortenberry,republican,House of Representatives,male,nebraska
201,Jefferson Van Drew,,democrat,House of Representatives,male,new jersey
202,Jennifer Wexton,,democrat,House of Representatives,female,virginia
203,Jenniffer González-Colón,repjenniffer,republican,House of Representatives,female,PR-0
204,Jerrold Nadler,RepJerryNadler,democrat,House of Representatives,male,new york
205,Jerry McNerney,RepMcNerney,democrat,House of Representatives,male,california
206,Jesús G. García,,democrat,House of Representatives,male,illinois
207,Jim Banks,RepJimBanks,republican,House of Representatives,male,indiana
208,Jim Cooper,RepJimCooper,democrat,House of Representatives,male,tennessee
209,Jim Costa,RepJimCosta,democrat,House of Representatives,male,california
210,Jim Hagedorn,,republican,House of Representatives,male,minnesota
211,Jim Jordan,Jim_Jordan,republican,House of Representatives,male,ohio
212,Jimmy Gomez,RepJimmyGomez,democrat,House of Representatives,male,california
213,Jimmy Panetta,RepJimmyPanetta,democrat,House of Representatives,male,california
214,Joaquin Castro,JoaquinCastrotx,democrat,House of Representatives,male,texas
215,Jodey C. Arrington,RepArrington,republican,House of Representatives,male,texas
216,Jody B. Hice,congressmanhice,republican,House of Representatives,male,georgia
217,Joe Courtney,RepJoeCourtney,democrat,House of Representatives,male,connecticut
218,Joe Cunningham,,democrat,House of Representatives,male,south carolina
219,Joe Neguse,,democrat,House of Representatives,male,colorado
220,Joe Wilson,RepJoeWilson,republican,House of Representatives,male,south carolina
221,John A. Yarmuth,RepJohnYarmuth,democrat,House of Representatives,male,kentucky
222,John B. Larson,RepJohnLarson,democrat,House of Representatives,male,connecticut
223,John Garamendi,RepGaramendi,democrat,House of Representatives,male,california
224,John H. Rutherford,RepRutherfordFL,republican,House of Representatives,male,florida
225,John Joyce,,republican,House of Representatives,male,pennsylvania
226,John Katko,RepJohnKatko,republican,House of Representatives,male,new york
227,John Lewis,RepJohnLewis,democrat,House of Representatives,male,georgia
228,John P. Sarbanes,RepSarbanes,democrat,House of Representatives,male,maryland
229,John R. Carter,JudgeCarter,republican,House of Representatives,male,texas
230,John R. Curtis,RepJohnCurtis,republican,House of Representatives,male,utah
231,John R. Moolenaar,RepMoolenaar,republican,House of Representatives,male,michigan
232,John Ratcliffe,RepRatcliffe,republican,House of Representatives,male,texas
233,John Shimkus,RepShimkus,republican,House of Representatives,male,illinois
234,John W. Rose,,republican,House of Representatives,male,tennessee
235,Joseph D. Morelle,,democrat,House of Representatives,male,new york
236,Joseph P. Kennedy III,RepJoeKennedy,democrat,House of Representatives,male,massachusetts
237,Josh Gottheimer,RepJoshG,democrat,House of Representatives,male,new jersey
238,Josh Harder,,democrat,House of Representatives,male,california
239,José E. Serrano,RepJoseSerrano,democrat,House of Representatives,male,new york
240,Joyce Beatty,RepBeatty,democrat,House of Representatives,female,ohio
241,Juan Vargas,RepJuanVargas,democrat,House of Representatives,male,california
242,Judy Chu,RepJudyChu,democrat,House of Representatives,female,california
243,Julia Brownley,JuliaBrownley26,democrat,House of Representatives,female,california
244,Justin Amash,justinamash,republican,House of Representatives,male,michigan
245,K. Michael Conaway,ConawayTX11,republican,House of Representatives,male,texas
246,Karen Bass,RepKarenBass,democrat,House of Representatives,female,california
247,Katherine M. Clark,RepKClark,democrat,House of Representatives,female,massachusetts
248,Kathleen M. Rice,RepKathleenRice,democrat,House of Representatives,female,new york
249,Kathy Castor,USRepKCastor,democrat,House of Representatives,female,florida
250,Katie Hill,,democrat,House of Representatives,female,california
251,Katie Porter,,democrat,House of Representatives,female,california
252,Kay Granger,RepKayGranger,republican,House of Representatives,female,texas
253,Kelly Armstrong,,republican,House of Representatives,male,north dakota
254,Ken Buck,RepKenBuck,republican,House of Representatives,male,colorado
255,Ken Calvert,KenCalvert,republican,House of Representatives,male,california
256,Kendra S. Horn,,democrat,House of Representatives,female,oklahoma
257,Kenny Marchant,RepKenMarchant,republican,House of Representatives,male,texas
258,Kevin Brady,RepKevinBrady,republican,House of Representatives,male,texas
259,Kevin Hern,,republican,House of Representatives,male,oklahoma
260,Kevin McCarthy,GOPLeader,republican,House of Representatives,male,california
261,Kim Schrier,,democrat,House of Representatives,female,washington
262,Kurt Schrader,RepSchrader,democrat,House of Representatives,male,oregon
263,Lance Gooden,,republican,House of Representatives,male,texas
264,Larry Bucshon,RepLarryBucshon,republican,House of Representatives,male,indiana
265,Lauren Underwood,,democrat,House of Representatives,female,illinois
266,Lee M. Zeldin,RepLeeZeldin,republican,House of Representatives,male,new york
267,Linda T. Sánchez,RepLindaSanchez,democrat,House of Representatives,female,california
268,Lisa Blunt Rochester,RepLBR,democrat,House of Representatives,female,delaware
269,Liz Cheney,RepLizCheney,republican,House of Representatives,female,Wyoming
270,Lizzie Fletcher,,democrat,House of Representatives,female,texas
271,Lloyd Doggett,RepLloydDoggett,democrat,House of Representatives,male,texas
272,Lloyd Smucker,RepSmucker,republican,House of Representatives,male,pennsylvania
273,Lois Frankel,RepLoisFrankel,democrat,House of Representatives,female,florida
274,Lori Trahan,,democrat,House of Representatives,female,massachusetts
275,Louie Gohmert,RepLouieGohmert,republican,House of Representatives,male,texas
276,Lucille Roybal-Allard,RepRoybalAllard,democrat,House of Representatives,female,california
277,Lucy McBath,,democrat,House of Representatives,female,georgia
278,Mac Thornberry,MacTXPress,republican,House of Representatives,male,texas
279,Madeleine Dean,,democrat,House of Representatives,female,pennsylvania
280,Marc A. Veasey,RepVeasey,democrat,House of Representatives,male,texas
281,Marcia L. Fudge,RepMarciaFudge,democrat,House of Representatives,female,ohio
282,Marcy Kaptur,RepMarcyKaptur,democrat,House of Representatives,female,ohio
283,Mario Diaz-Balart,MarioDB,republican,House of Representatives,male,florida
284,Mark DeSaulnier,RepDeSaulnier,democrat,House of Representatives,male,california
285,Mark E. Amodei,MarkAmodeiNV2,republican,House of Representatives,male,nevada
286,Mark E. Green,,republican,House of Representatives,male,tennessee
287,Mark Meadows,RepMarkMeadows,republican,House of Representatives,male,north carolina
288,Mark Pocan,RepMarkPocan,democrat,House of Representatives,male,wisconsin
289,Mark Takano,RepMarkTakano,democrat,House of Representatives,male,california
290,Mark Walker,RepMarkWalker,republican,House of Representatives,male,north carolina
291,Markwayne Mullin,RepMullin,republican,House of Representatives,male,oklahoma
292,Martha Roby,RepMarthaRoby,republican,House of Representatives,female,alabama
293,Mary Gay Scanlon,,democrat,House of Representatives,female,pennsylvania
294,Matt Cartwright,RepCartwright,democrat,House of Representatives,male,pennsylvania
295,Matt Gaetz,RepMattGaetz,republican,House of Representatives,male,florida
296,Max Rose,,democrat,House of Representatives,male,new york
297,Maxine Waters,RepMaxineWaters,democrat,House of Representatives,female,california
298,Michael C. Burgess,MichaelCBurgess,republican,House of Representatives,male,texas
299,Michael Cloud,michaeljcloud,republican,House of Representatives,male,texas
300,Michael F. Doyle,USRepMikeDoyle,democrat,House of Representatives,male,pennsylvania
301,Michael F. Q. San Nicolas,,democrat,House of Representatives,male,GU-0
302,Michael Guest,,republican,House of Representatives,male,mississippi
303,Michael K. Simpson,CongMikeSimpson,republican,House of Representatives,male,idaho
304,Michael R. Turner,RepMikeTurner,republican,House of Representatives,male,ohio
305,Michael T. McCaul,RepMcCaul,republican,House of Representatives,male,texas
306,Michael Waltz,,republican,House of Representatives,male,florida
307,Mike Bost,RepBost,republican,House of Representatives,male,illinois
308,Mike Gallagher,RepGallagher,republican,House of Representatives,male,wisconsin
309,Mike Johnson,RepMikeJohnson,republican,House of Representatives,male,louisiana
310,Mike Kelly,MikeKellyPA,republican,House of Representatives,male,pennsylvania
311,Mike Levin,,democrat,House of Representatives,male,california
312,Mike Quigley,RepMikeQuigley,democrat,House of Representatives,male,illinois
313,Mike Rogers,RepMikeRogersAL,republican,House of Representatives,male,alabama
314,Mike Thompson,RepThompson,democrat,House of Representatives,male,california
315,Mikie Sherrill,,democrat,House of Representatives,female,new jersey
316,Mo Brooks,RepMoBrooks,republican,House of Representatives,male,alabama
317,Nancy Pelosi,NancyPelosi,democrat,House of Representatives,female,california
318,Nanette Diaz Barragán,RepBarragan,democrat,House of Representatives,female,california
319,Neal P. Dunn,drnealdunnfl2,republican,House of Representatives,male,florida
320,Nita M. Lowey,NitaLowey,democrat,House of Representatives,female,new york
321,Norma J. Torres,NormaJTorres,democrat,House of Representatives,female,california
322,Nydia M. Velázquez,NydiaVelazquez,democrat,House of Representatives,female,new york
323,Patrick T. McHenry,PatrickMcHenry,republican,House of Representatives,male,north carolina
324,Paul A. Gosar,RepGosar,republican,House of Representatives,male,arizona
325,Paul Cook,RepPaulCook,republican,House of Representatives,male,california
326,Paul Mitchell,RepPaulMitchell,republican,House of Representatives,male,michigan
327,Paul Tonko,RepPaulTonko,democrat,House of Representatives,male,new york
328,Pete Aguilar,reppeteaguilar,democrat,House of Representatives,male,california
329,Pete Olson,RepPeteOlson,republican,House of Representatives,male,texas
330,Pete Stauber,,republican,House of Representatives,male,minnesota
331,Peter A. DeFazio,RepPeterDeFazio,democrat,House of Representatives,male,oregon
332,Peter J. Visclosky,RepVisclosky,democrat,House of Representatives,male,indiana
333,Peter T. King,RepPeteKing,republican,House of Representatives,male,new york
334,Peter Welch,PeterWelch,democrat,House of Representatives,male,VT-0
335,Pramila Jayapal,RepJayapal,democrat,House of Representatives,female,washington
336,Raja Krishnamoorthi,congressmanraja,democrat,House of Representatives,male,illinois
337,Ralph Lee Abraham,RepAbraham,republican,House of Representatives,male,louisiana
338,Ralph Norman,RepRalphNorman,republican,House of Representatives,male,south carolina
339,"Randy K. Weber, Sr.",TXRandy14,republican,House of Representatives,male,texas
340,Rashida Tlaib,,democrat,House of Representatives,female,michigan
341,Raul Ruiz,CongressmanRuiz,democrat,House of Representatives,male,california
342,Raúl M. Grijalva,RepraulGrijalva,democrat,House of Representatives,male,arizona
343,Richard E. Neal,RepRichardNeal,democrat,House of Representatives,male,massachusetts
344,Richard Hudson,RepRichHudson,republican,House of Representatives,male,north carolina
345,Rick Larsen,RepRickLarsen,democrat,House of Representatives,male,washington
346,Rick W. Allen,reprickallen,republican,House of Representatives,male,georgia
347,Ro Khanna,RepRoKhanna,democrat,House of Representatives,male,california
348,Rob Bishop,RepRobBishop,republican,House of Representatives,male,utah
349,Rob Woodall,RepRobWoodall,republican,House of Representatives,male,georgia
350,Robert B. Aderholt,Robert_Aderholt,republican,House of Representatives,male,alabama
351,"Robert C. ""Bobby"" Scott",BobbyScott,democrat,House of Representatives,male,virginia
352,Robert E. Latta,BobLatta,republican,House of Representatives,male,ohio
353,Robert J. Wittman,RobWittman,republican,House of Representatives,male,virginia
354,Robin L. Kelly,RepRobinKelly,democrat,House of Representatives,female,illinois
355,Rodney Davis,RodneyDavis,republican,House of Representatives,male,illinois
356,Roger W. Marshall,RepMarshall,republican,House of Representatives,male,kansas
357,Roger Williams,RepRWilliams,republican,House of Representatives,male,texas
358,Ron Estes,RepRonEstes,republican,House of Representatives,male,kansas
359,Ron Kind,RepRonKind,democrat,House of Representatives,male,wisconsin
360,Ron Wright,,republican,House of Representatives,male,texas
361,Rosa L. DeLauro,RosaDeLauro,democrat,House of Representatives,female,connecticut
362,Ross Spano,,republican,House of Representatives,male,florida
363,Ruben Gallego,RepRubenGallego,democrat,House of Representatives,male,arizona
364,Russ Fulcher,,republican,House of Representatives,male,idaho
365,Salud O. Carbajal,RepCarbajal,democrat,House of Representatives,male,california
366,Sam Graves,RepSamGraves,republican,House of Representatives,male,missouri
367,"Sanford D. Bishop, Jr.",SanfordBishop,democrat,House of Representatives,male,georgia
368,Scott DesJarlais,DesJarlaisTN04,republican,House of Representatives,male,tennessee
369,Scott H. Peters,RepScottPeters,democrat,House of Representatives,male,california
370,Scott Perry,RepScottPerry,republican,House of Representatives,male,pennsylvania
371,Scott R. Tipton,RepTipton,republican,House of Representatives,male,colorado
372,Sean Casten,,democrat,House of Representatives,male,illinois
373,Sean P. Duffy,RepSeanDuffy,republican,House of Representatives,male,wisconsin
374,Sean Patrick Maloney,RepSeanMaloney,democrat,House of Representatives,male,new york
375,Seth Moulton,teammoulton,democrat,House of Representatives,male,massachusetts
376,Sharice Davids,,democrat,House of Representatives,female,kansas
377,Sheila Jackson Lee,JacksonLeeTX18,democrat,House of Representatives,female,texas
378,Stacey E. Plaskett,staceyplaskett,democrat,House of Representatives,female,VI-0
379,Steny H. Hoyer,WhipHoyer,democrat,House of Representatives,male,maryland
380,Stephanie N. Murphy,RepStephMurphy,democrat,House of Representatives,female,florida
381,Stephen F. Lynch,RepStephenLynch,democrat,House of Representatives,male,massachusetts
382,Steve Chabot,RepSteveChabot,republican,House of Representatives,male,ohio
383,Steve Cohen,RepCohen,democrat,House of Representatives,male,tennessee
384,Steve King,SteveKingIA,republican,House of Representatives,male,iowa
385,Steve Scalise,SteveScalise,republican,House of Representatives,male,louisiana
386,Steve Stivers,RepSteveStivers,republican,House of Representatives,male,ohio
387,Steve Womack,Rep_SteveWomack,republican,House of Representatives,male,arkansas
388,"Steven C. Watkins, Jr.",,republican,House of Representatives,male,kansas
389,Steven Horsford,StevenHorsford,democrat,House of Representatives,male,nevada
390,Steven M. Palazzo,CongPalazzo,republican,House of Representatives,male,mississippi
391,Susan A. Davis,RepSusanDavis,democrat,House of Representatives,female,california
392,Susan W. Brooks,SusanWBrooks,republican,House of Representatives,female,indiana
393,Susan Wild,,democrat,House of Representatives,female,pennsylvania
394,Susie Lee,,democrat,House of Representatives,female,nevada
395,Suzan K. DelBene,RepDelBene,democrat,House of Representatives,female,washington
396,Suzanne Bonamici,RepBonamici,democrat,House of Representatives,female,oregon
397,Sylvia R. Garcia,,democrat,House of Representatives,female,texas
398,TJ Cox,,democrat,House of Representatives,male,california
399,Ted Budd,RepTedBudd,republican,House of Representatives,male,north carolina
400,Ted Lieu,RepTedLieu,democrat,House of Representatives,male,california
401,Ted S. Yoho,RepTedYoho,republican,House of Representatives,male,florida
402,Terri A. Sewell,RepTerriSewell,democrat,House of Representatives,female,alabama
403,Theodore E. Deutch,RepTedDeutch,democrat,House of Representatives,male,florida
404,Thomas Massie,RepThomasMassie,republican,House of Representatives,male,kentucky
405,Thomas R. Suozzi,RepTomSuozzi,democrat,House of Representatives,male,new york
406,Tim Burchett,,republican,House of Representatives,male,tennessee
407,Tim Ryan,RepTimRyan,democrat,House of Representatives,male,ohio
408,Tim Walberg,RepWalberg,republican,House of Representatives,male,michigan
409,Tom Cole,TomColeOK04,republican,House of Representatives,male,oklahoma
410,Tom Emmer,RepTomEmmer,republican,House of Representatives,male,minnesota
411,Tom Graves,RepTomGraves,republican,House of Representatives,male,georgia
412,Tom Malinowski,,democrat,House of Representatives,male,new jersey
413,Tom Marino,RepTomMarino,republican,House of Representatives,male,pennsylvania
414,Tom McClintock,RepMcClintock,republican,House of Representatives,male,california
415,Tom O’Halleran,repohalleran,democrat,House of Representatives,male,arizona
416,Tom Reed,RepTomReed,republican,House of Representatives,male,new york
417,Tom Rice,RepTomRice,republican,House of Representatives,male,south carolina
418,Tony Cárdenas,RepCardenas,democrat,House of Representatives,male,california
419,Trent Kelly,reptrentkelly,republican,House of Representatives,male,mississippi
420,Trey Hollingsworth,reptrey,republican,House of Representatives,male,indiana
421,Troy Balderson,RepBalderson,republican,House of Representatives,male,ohio
422,Tulsi Gabbard,TulsiPress,democrat,House of Representatives,female,hawaii
423,Val Butler Demings,RepValDemings,democrat,House of Representatives,female,florida
424,Van Taylor,,republican,House of Representatives,male,texas
425,Vern Buchanan,VernBuchanan,republican,House of Representatives,male,florida
426,Veronica Escobar,,democrat,House of Representatives,female,texas
427,Vicente Gonzalez,RepGonzalez,democrat,House of Representatives,male,texas
428,Vicky Hartzler,RepHartzler,republican,House of Representatives,female,missouri
429,Virginia Foxx,VirginiaFoxx,republican,House of Representatives,female,north carolina
430,W. Gregory Steube,,republican,House of Representatives,male,florida
431,Walter B. Jones,RepWalterJones,republican,House of Representatives,male,north carolina
432,Warren Davidson,WarrenDavidson,republican,House of Representatives,male,ohio
433,Will Hurd,hurdonthehill,republican,House of Representatives,male,texas
434,William R. Keating,USRepKeating,democrat,House of Representatives,male,massachusetts
435,William R. Timmons IV,,republican,House of Representatives,male,south carolina
436,Wm. Lacy Clay,LacyClayMO1,democrat,House of Representatives,male,missouri
437,Xochitl Torres Small,,democrat,House of Representatives,female,new mexico
438,Yvette D. Clarke,RepYvetteClarke,democrat,House of Representatives,female,new york
439,Zoe Lofgren,RepZoeLofgren,democrat,House of Representatives,female,california
440,Daniel Sullivan,SenDanSullivan,republican,senator,male,alaska
441,Lisa Murkowski,lisamurkowski,republican,senator,female,alaska
442,Gordon Jones,sendougjones,democrat,senator,male,alabama
443,Richard  Shelby,SenShelby,republican,senator,male,alabama
444,John Boozman,JohnBoozman,republican,senator,male,arkansas
445,Tom Cotton,sentomcotton,republican,senator,male,arkansas
446,Martha McSally,marthamcsally,republican,senator,female,arizona
447,Kyrsten Sinema,kyrstensinema,democrat,senator,female,arizona
448,Dianne Feinstein,SenFeinstein,democrat,senator,female,california
449,Kamala Harris,KamalaHarris,democrat,senator,female,california
450,Cory Gardner,sencorygardner,republican,senator,male,colorado
451,Michael  Bennet,SenBennetCO,democrat,senator,male,colorado
452,Christopher Murphy,ChrisMurphyCT,democrat,senator,male,connecticut
453,Richard Blumenthal,SenBlumenthal,democrat,senator,male,connecticut
454,Christopher Coons,ChrisCoons,democrat,senator,male,delaware
455,Thomas Carper,SenatorCarper,democrat,senator,male,delaware
456,Rick Scott,SenRickScott,republican,senator,male,florida
457,David Perdue,sendavidperdue,republican,senator,male,georgia
458,Marco Rubio,marcorubio,republican,senator,male,florida
459,Johnny Isakson,senatorloeffler?lang=en,republican,senator,male,georgia
460,Brian Schatz,brianschatz,democrat,senator,male,hawaii
461,Mazie Hirono,maziehirono,democrat,senator,female,hawaii
462,Charles Grassley,ChuckGrassley,republican,senator,male,iowa
463,Joni Ernst,joniernst,republican,senator,female,iowa
464,James Risch,SenatorRisch,republican,senator,male,idaho
465,Mike Crapo,MikeCrapo,republican,senator,male,idaho
466,Mike Braun,SenatorBraun,republican,senator,male,indiana
467,Tammy Duckworth,RepDuckworth,democrat,senator,female,illinois
468,Richard Durbin,SenatorDurbin,democrat,senate-minority-whip,male,illinois
469,Todd Young,ToddYoungIN,republican,senator,male,indiana
470,Jerry Moran,JerryMoran,republican,senator,male,kansas
471,Pat Roberts,SenPatRoberts,republican,senator,male,kansas
472,Mitch McConnell,McConnellPress,republican,senate-majority-leader,male,kentucky
473,Rand Paul,RandPaul,republican,senator,male,kentucky
474,Bill Cassidy,SenatorCassidy,republican,senator,male,louisiana
475,John Kennedy,JohnKennedyLA,republican,senator,male,louisiana
476,Edward Markey,SenMarkey,democrat,senator,male,massachusetts
477,Elizabeth Warren,SenWarren,democrat,senator,female,massachusetts
478,Benjamin Cardin,SenatorCardin,democrat,senator,male,maryland
479,Chris Van Hollen,ChrisVanHollen,democrat,senator,male,maryland
480,Angus King,SenAngusKing,independent,senator,male,maine
481,Susan Collins,senatorcollins,republican,senator,female,maine
482,Debbie Stabenow,SenStabenow,democrat,senator,female,michigan
483,Gary Peters,SenGaryPeters,democrat,senator,male,michigan
484,Tina Smith,SenTinaSmith,democrat,senator,female,minnesota
485,Josh Hawley,HawleyMO,republican,senator,male,missouri
486,Roger Wicker,SenatorWicker,republican,senator,male,mississippi
487,Cindy Hyde-Smith,SenHydeSmith,republican,senator,female,mississippi
488,Jon Tester,SenatorTester,democrat,senator,male,montana
489,Steve Daines,SteveDaines,republican,senator,male,montana
490,Richard Burr,SenatorBurr,republican,senator,male,north-carolina
491,Thom Tillis,SenThomTillis,republican,senator,male,north-carolina
492,Kevin Cramer,SenKevinCramer,republican,senator,male,north-dakota
493,John Hoeven,SenJohnHoeven,republican,senator,male,north-dakota
494,Ben Sasse,SenSasse,republican,senator,male,nebraska
495,Amy Klobuchar,amyklobuchar,democrat,senator,female,minnesota
496,Roy Blunt,RoyBlunt,republican,senator,male,missouri
497,Deb Fischer,SenatorFischer,republican,senator,female,nebraska
498,Robert Menendez,SenatorMenendez,democrat,senator,male,new-jersey
499,Martin Heinrich,MartinHeinrich,democrat,senator,male,new-mexico
500,Tom Udall,SenatorTomUdall,democrat,senator,male,new-mexico
501,Catherine Cortez-Masto,CatherineForNV,democrat,senator,female,nevada
502,Jacky Rosen,SenJackyRosen,democrat,senator,female,nevada
503,Charles Schumer,SenSchumer,democrat,senate-minority-leader,male,new-york
504,Kirsten Gillibrand,SenGillibrand,democrat,senator,female,new-york
505,Rob Portman,robportman,republican,senator,male,ohio
506,James Inhofe,jiminhofe,republican,senator,male,oklahoma
507,Sherrod Brown,SenSherrodBrown,democrat,senator,male,ohio
508,Jeff Merkley,SenJeffMerkley,democrat,senator,male,oregon
509,James Lankford,SenatorLankford,republican,senator,male,oklahoma
510,Patrick Toomey,SenToomey,republican,senator,male,pennsylvania
511,Ron Wyden,RonWyden,democrat,senator,male,oregon
512,Robert Casey,SenBobCasey,democrat,senator,male,pennsylvania
513,Jack Reed,SenJackReed,democrat,senator,male,rhode-island
514,Sheldon Whitehouse,SenWhitehouse,democrat,senator,male,rhode-island
515,Lindsey Graham,LindseyGrahamSC,republican,senator,male,south-carolina
516,Tim Scott,SenatorTimScott,republican,senator,male,south-carolina
517,John Thune,SenJohnThune,republican,senator,male,south-dakota
518,Mike Rounds,SenatorRounds,republican,senator,male,south-dakota
519,Marsha Blackburn,MarshaBlackburn,republican,senator,female,tennessee
520,Lamar Alexander,SenAlexander,republican,senator,male,tennessee
521,John Cornyn,JohnCornyn,republican,senate-majority-whip,male,texas
522,Ted Cruz,SenTedCruz,republican,senator,male,texas
523,Mike Lee,SenMikeLee,republican,senator,male,utah
524,Mitt Romney,SenatorRomney,republican,senator,male,utah
525,Mark Warner,MarkWarner,democrat,senator,male,virginia
526,Tim Kaine,timkaine,democrat,senator,male,virginia
527,Patrick Leahy,SenatorLeahy,democrat,senator,male,vermont
528,Bernard Sanders,SenSanders,independent,senator,male,vermont
529,Maria Cantwell,SenatorCantwell,democrat,senator,female,washington
530,Patty Murray,PattyMurray,democrat,senator,female,washington
531,Ron Johnson,SenRonJohnson,republican,senator,male,wisconsin
532,Tammy Baldwin,tammybaldwin,democrat,senator,female,wisconsin
533,Joe Manchin,Sen_JoeManchin,democrat,senator,male,west-virginia
534,Shelley Capito,SenCapito,republican,senator,female,west-virginia
535,John Barrasso,SenJohnBarrasso,republican,senator,male,wyoming
536,Michael Enzi,SenatorEnzi,republican,senator,male,wyoming
537,Jeanne Shaheen,SenatorShaheen,democrat,senator,female,new-hampshire
538,Margaret Hassan,Maggie_Hassan,democrat,senator,female,new-hampshire
539,Cory Booker,CoryBooker,democrat,senator,male,new-jersey
